"","means","conf","V3","V4","V5","V6","treatment","metric"
"visits",-0.121703984200721,0.95,21.45,971.91,-0.197736461540738,-0.0494646239283246,"microsite","visits"
"annual.richness",0.0364452798663325,0.95,33.32,982.46,0.0056390977443609,0.0673462736601173,"microsite","annual.richness"
"abundance",0.124246979504877,0.95,21.71,972.24,0.076041218432624,0.169807948843916,"microsite","abundance"
"percent.cover",0.74984026222493,0.95,14.98,960.82,0.724969341450056,0.769333321572868,"microsite","percent.cover"
"arth.rich",0.0725436624211872,0.95,27.78,978.5,0.0387707295495069,0.111758830172505,"microsite","arth.rich"
